Rank,Nombre,Simbolo,Cap,Precio,Circulacion,Vol,Hora,Dia,Semana,Fecha
1,Bitcoin,BTC,896000000000.00,47345.22,18918243.00,27951569547.00,0.12,-0.72,-6.82,02/01/2022
2,Ethereum,ETH,456000000000.00,3829.57,118998781.00,9881471548.00,0.13,1.59,-5.85,02/01/2022
3,Binance_Coin,BNB,88637570485.00,531.4,166801148.00,1462276185.00,0.05,0.77,-2.85,02/01/2022
4,Tether,USDT,78373882136.00,1,78337882507.00,43202922802.00,0.02,0,0,02/01/2022
5,Solana,SOL,54552495292.00,176.38,309284593.00,995389409.20,-0.22,-1.2,-10.92,02/01/2022
6,Cardano,ADA,46129061736.00,1.38,33485491062.00,881893010.40,0.42,0.04,-5.39,02/01/2022
7,USD_Coin,USDC,42562534941.00,1,42572544666.00,2491554185.00,0,-0.03,0.07,02/01/2022
8,XRP,XRP,40838984414.00,0.86,47535964473.00,1134033205.00,0.28,1.14,-6.74,02/01/2022
9,Terra,LUNA,32335168165.00,89.37,361805570.00,1332237742.00,-0.66,-2.18,-10.38,02/01/2022
10,Polkadot,DOT,29361884232.00,29.73,987579315.00,1217867246.00,-1.04,4.01,-5.11,02/01/2022
1,Bitcoin,BTC,793000000000.00,41911.6,18924506.00,21294384372.00,-0.7,0.43,-11.48,09/01/2022
2,Ethereum,ETH,376000000000.00,3157.75,119093797.00,12334683863.00,-0.73,2.13,-17.54,09/01/2022
3,Tether,USDT,78312801194.00,1,78292663468.00,49109221960.00,0.01,0.02,-0.02,09/01/2022
4,Binance_Coin,BNB,73192856244.00,438.8,166801148.00,3347862691.00,-0.33,1.99,-17.42,09/01/2022
5,Solana,SOL,43849094270.00,140.84,311341963.00,1599123912.00,-0.37,-1.17,-20.15,09/01/2022
6,USD_Coin,USDC,43635467097.00,1,43642646024.00,2921877299.00,0.01,0.03,0.01,09/01/2022
7,Cardano,ADA,39340035970.00,1.17,33513387744.00,1088569809.00,-0.88,-1.15,-14.79,09/01/2022
8,XRP,XRP,35897214432.00,0.75,47577198013.00,1182503166.00,-0.52,0.91,-12.18,09/01/2022
9,Terra,LUNA,26692037535.00,74.48,358401296.00,2317080034.00,-0.92,11.27,-16.67,09/01/2022
10,Polkadot,DOT,24321430602.00,24.63,987579315.00,1328484247.00,-0.46,2.49,-17.17,09/01/2022
1,Bitcoin,BTC,816000000000.00,43113.88,18931525.00,17902097845.00,-0.17,-0.15,2.87,16/01/2022
2,Ethereum,ETH,399000000000.00,3350.92,119188731.00,9505934874.00,0.1,0.61,6.12,16/01/2022
3,BNB,BNB,83138350006.00,498.43,166801148.00,1771927950.00,-0.26,0.69,13.59,16/01/2022
4,Tether,USDT,78432253977.00,1,78399566141.00,41551382127.00,0,-0.02,0.02,16/01/2022
5,Cardano,ADA,47180439513.00,1.41,33526676951.00,2436680646.00,-0.03,8.56,19.88,16/01/2022
6,Solana,SOL,46428403267.00,147.86,314009861.00,1172854751.00,0.04,0.04,4.98,16/01/2022
7,USD_Coin,USDC,45434277768.00,1,45448296433.00,2296999988.00,-0.07,0.02,-0.01,16/01/2022
8,XRP,XRP,37127364883.00,0.78,47663117635.00,1005077258.00,-0.07,-0.32,3.24,16/01/2022
9,Terra,LUNA,31185198012.00,86.96,358632502.00,1423445475.00,0.17,-0.71,16.76,16/01/2022
10,Polkadot,DOT,27321509198.00,27.67,987579315.00,1280576659.00,-0.29,-0.26,12.34,16/01/2022
1,Bitcoin,BTC,687000000000.00,36276.8,18938075.00,26017975951.00,2.27,3.56,-15.86,23/01/2022
2,Ethereum,ETH,302000000000.00,2535.04,119283868.00,16481489511.00,3.83,5.4,-24.35,23/01/2022
3,Tether,USDT,78350199962.00,1,78311766178.00,57296666670.00,0.02,0.03,0.01,23/01/2022
4,BNB,BNB,63393933785.00,383.93,165116761.00,2786834863.00,3.57,7.22,-22.97,23/01/2022
5,USD_Coin,USDC,47651385219.00,1,47644490426.00,4572234577.00,0,0.01,0.05,23/01/2022
6,Cardano,ADA,37644141351.00,1.12,33539825364.00,2362627205.00,3.87,5.22,-20.24,23/01/2022
7,Solana,SOL,31336377846.00,99.58,314691080.00,2548191912.00,3.79,5.73,-32.65,23/01/2022
8,XRP,XRP,30014890499.00,0.63,47736918345.00,1851934913.00,3.39,5.49,-19.28,23/01/2022
9,Terra,LUNA,28144622469.00,69.79,403283833.00,2761811982.00,4.86,11.5,-19.74,23/01/2022
10,Dogecoin,DOGE,18821109378.00,0.14,133000000000.00,1006234946.00,2.35,6.75,-19.93,23/01/2022
1,Bitcoin,BTC,718000000000.00,37917.6,18944393.00,14643548444.00,0.32,-0.58,4.52,30/01/2022
2,Ethereum,ETH,311000000000.00,2603.47,119378825.00,9501221177.00,1.07,0.25,2.7,30/01/2022
3,Tether,USDT,78144090896.00,1,78117427986.00,35043713256.00,-0.01,0,-0.01,30/01/2022
4,BNB,BNB,62350221471.00,377.61,165116761.00,1289330238.00,0.35,-2.96,-1.65,30/01/2022
5,USD_Coin,USDC,49800880429.00,1,49797637583.00,2333906963.00,-0.03,-0.03,-0.01,30/01/2022
6,Cardano,ADA,34824144096.00,1.04,33566307384.00,748084609.70,0.02,-2.09,-7.56,30/01/2022
7,Solana,SOL,29398127131.00,93.3,315100324.00,1110338981.00,0.41,-3.04,-6.31,30/01/2022
8,XRP,XRP,28793982070.00,0.6,47736918345.00,870878595.80,0.18,-2.23,-4.07,30/01/2022
9,Terra,LUNA,18545785693.00,46.27,400787025.00,1589568944.00,-0.62,-8.9,-33.69,30/01/2022
10,Dogecoin,DOGE,18503745857.00,0.14,133000000000.00,363976740.60,-0.14,-2.51,-1.69,30/01/2022
1,Bitcoin,BTC,804000000000.00,42412.43,18950681.00,16142097334.00,1.92,2.34,11.85,06/02/2022
2,Ethereum,ETH,365000000000.00,3057.48,119473804.00,9466018022.00,2.19,1.42,17.44,06/02/2022
3,Tether,USDT,77961684799.00,1,77908751039.00,40572292703.00,0.02,0.01,0.03,06/02/2022
4,BNB,BNB,69274003461.00,419.55,165116761.00,1427593921.00,1.92,1.29,11.1,06/02/2022
5,USD_Coin,USDC,51054224335.00,1,51036025522.00,2185135025.00,0.04,0.02,0.03,06/02/2022
6,Cardano,ADA,38433324420.00,1.14,33579503408.00,911521817.50,1.86,1.53,10.32,06/02/2022
7,Solana,SOL,36532195892.00,115.3,316845383.00,1488437091.00,2.32,1.23,23.58,06/02/2022
8,XRP,XRP,32700536071.00,0.68,47832461678.00,1095140341.00,1.77,2.48,13.34,06/02/2022
9,Terra,LUNA,22492358594.00,56.1,400917013.00,1300455898.00,3.64,1.31,21.24,06/02/2022
10,Polkadot,DOT,21631280300.00,21.9,987579315.00,830919540.20,3.45,2.51,20.53,06/02/2022
1,Bitcoin,BTC,800000000000.00,42197.52,18957287.00,14741589015.00,-0.34,-0.11,-0.51,13/02/2022
2,Ethereum,ETH,345000000000.00,2883.46,119568797.00,9054963563.00,-0.49,-1.16,-5.69,13/02/2022
3,Tether,USDT,78458775425.00,1,78423051214.00,41277090178.00,-0.01,-0.01,-0.02,13/02/2022
4,BNB,BNB,65862892979.00,398.89,165116761.00,1151509777.00,-0.29,-1.12,-4.92,13/02/2022
5,USD_Coin,USDC,52360369755.00,1,52361250170.00,2123450728.00,-0.03,-0.02,-0.04,13/02/2022
6,XRP,XRP,38757348317.00,0.81,47832461678.00,2504198747.00,-0.3,-1.48,18.52,13/02/2022
7,Cardano,ADA,35153676037.00,1.05,33613521329.00,1066206015.00,-0.09,-1.17,-8.63,13/02/2022
8,Solana,SOL,29629765454.00,93.24,317765575.00,1150014559.00,-0.59,-2.79,-19.13,13/02/2022
9,Terra,LUNA,20575427609.00,51.79,397247467.00,879534649.90,-0.06,-0.4,-7.68,13/02/2022
10,Dogecoin,DOGE,19761029254.00,0.15,133000000000.00,1581065491.00,-3.61,3.15,-3.14,13/02/2022
1,Bitcoin,BTC,729000000000.00,38431.38,18963993.00,18340576452.00,-0.8,-4.21,-8.93,20/02/2022
2,Ethereum,ETH,315000000000.00,2628.65,119663598.00,11641437834.00,-0.57,-4.89,-8.84,20/02/2022
3,Tether,USDT,79051748941.00,1,79019501686.00,45611091002.00,0,-0.02,0,20/02/2022
4,BNB,BNB,62880741279.00,380.83,165116761.00,1431745519.00,-0.86,-4.8,-4.53,20/02/2022
5,USD_Coin,USDC,52596647718.00,1,52596483785.00,2869319070.00,0.02,0.01,0,20/02/2022
6,XRP,XRP,37318724163.00,0.78,47949281138.00,3041836889.00,-1.14,-5.38,-3.95,20/02/2022
7,Cardano,ADA,31370229673.00,0.93,33626509428.00,1429017666.00,-1.65,-6.5,-10.8,20/02/2022
8,Solana,SOL,29057463086.00,90.9,319659085.00,1912980153.00,-1.95,-0.65,-2.51,20/02/2022
9,Terra,LUNA,19226836917.00,49.36,389486652.00,1092855688.00,-1.67,-2.12,-4.69,20/02/2022
10,Avalanche,AVAX,18971728613.00,77.34,245313119.00,984477195.00,-1.24,-9.12,-1.16,20/02/2022
1,Bitcoin,BTC,715000000000.00,37709.78,18969931.00,23450127612.00,-0.14,-3.57,-1.88,27/02/2022
2,Ethereum,ETH,314000000000.00,2621.8,119758550.00,16150857254.00,0.21,-5.73,-0.26,27/02/2022
3,Tether,USDT,79587144285.00,1,79548056347.00,57257598779.00,0.01,0.01,0.01,27/02/2022
4,BNB,BNB,59529719165.00,360.53,165116761.00,1600855952.00,-0.53,-3.51,-5.33,27/02/2022
5,USD_Coin,USDC,53370799001.00,1,53385655660.00,4352100239.00,0.01,-0.03,-0.03,27/02/2022
6,XRP,XRP,34619021226.00,0.72,47949281138.00,2733141782.00,0.34,-3.86,-7.23,27/02/2022
7,Cardano,ADA,28881334293.00,0.86,33648103490.00,1278510571.00,0.96,-3.33,-7.99,27/02/2022
8,Terra,LUNA,27433571502.00,72.64,377653805.00,3108800926.00,-0.91,-6.96,47.15,27/02/2022
9,Solana,SOL,27371485041.00,85.52,320063008.00,2012522473.00,0.18,-5.13,-5.92,27/02/2022
10,Avalanche,AVAX,18452974295.00,74.99,246068579.00,1577126485.00,0.01,-8.41,-3.03,27/02/2022
1,Bitcoin,BTC,729000000000.00,38419.98,18976125.00,19745229902.00,-1.53,-2.49,1.88,06/03/2022
2,Ethereum,ETH,306000000000.00,2555.04,119853207.00,8872976607.00,-2.88,-4.12,-2.55,06/03/2022
3,Tether,USDT,79732529564.00,1,79713056448.00,43914369258.00,-0.01,0,-0.02,06/03/2022
4,BNB,BNB,61920633563.00,375.01,165116761.00,1305295273.00,-1.54,-2.56,4.02,06/03/2022
5,USD_Coin,USDC,52838496192.00,1,52846388125.00,3162813903.00,0.03,0.05,0.01,06/03/2022
6,XRP,XRP,34810891622.00,0.73,47949281138.00,1862292224.00,-2.16,-3.83,0.55,06/03/2022
7,Terra,LUNA,29114643342.00,79.12,368000498.00,2728755239.00,-2.9,-9.49,8.91,06/03/2022
8,Cardano,ADA,27739380365.00,0.82,33674446475.00,670024869.30,-1.98,-4.84,-4.03,06/03/2022
9,Solana,SOL,27115147514.00,84.54,320729197.00,1467561782.00,-1.53,-5.7,-1.14,06/03/2022
10,Avalanche,AVAX,19267144791.00,72.53,265647382.00,913541518.60,-1.72,-5.47,-3.28,06/03/2022
1,Bitcoin,BTC,718000000000.00,37849.66,18982518.00,17300745310.00,0.07,-2.71,-1.48,13/03/2022
2,Ethereum,ETH,302000000000.00,2518.94,119948188.00,8632000379.00,0.21,-2.17,-1.41,13/03/2022
3,Tether,USDT,80088619803.00,1,80072716129.00,42268710956.00,0,0.01,0,13/03/2022
4,BNB,BNB,59747472766.00,361.85,165116761.00,1242011950.00,-0.22,-2.92,-3.51,13/03/2022
5,USD_Coin,USDC,52427364798.00,1,52429204079.00,2802399958.00,0.08,0.04,0.01,13/03/2022
6,XRP,XRP,36579969143.00,0.76,48046106688.00,2141326402.00,0.03,-3.21,4.87,13/03/2022
7,Terra,LUNA,32678817859.00,87.62,372970017.00,2537512234.00,1.92,1.72,10.75,13/03/2022
8,Cardano,ADA,26646535268.00,0.79,33687369574.00,772035953.90,0.68,0.04,-3.98,13/03/2022
9,Solana,SOL,25492592997.00,78.94,322952389.00,1316842580.00,0.92,-3.21,-6.63,13/03/2022
10,Avalanche,AVAX,18132232300.00,68.08,266352807.00,660710559.80,-0.04,-4.12,-6.14,13/03/2022
1,Bitcoin,BTC,783000000000.00,41247.82,18989137.00,20127946682.00,-0.19,-2.23,8.98,20/03/2022
2,Ethereum,ETH,343000000000.00,2860.46,120042908.00,12684727326.00,-0.38,-2.91,13.56,20/03/2022
3,Tether,USDT,80781817395.00,1,80747335458.00,57837125338.00,-0.01,-0.01,0.02,20/03/2022
4,BNB,BNB,64522408664.00,390.77,165116761.00,1334193471.00,-0.49,-2.27,7.99,20/03/2022
5,USD_Coin,USDC,53000906379.00,1,53004490761.00,2943598190.00,-0.02,0.02,0,20/03/2022
6,XRP,XRP,38791824341.00,0.81,48121609012.00,1529598149.00,-0.19,-1.62,5.88,20/03/2022
7,Terra,LUNA,33016693269.00,90.53,364695245.00,1843608272.00,-0.54,-1.71,3.33,20/03/2022
8,Cardano,ADA,29569834894.00,0.88,33713492092.00,949951338.80,-0.69,-2.66,10.88,20/03/2022
9,Solana,SOL,28388486844.00,88.61,320358097.00,1286133603.00,-0.72,-4.12,12.26,20/03/2022
10,Avalanche,AVAX,22636838971.00,84.72,267182355.00,1451610365.00,-2.06,-5.54,24.46,20/03/2022
1,Bitcoin,BTC,889000000000.00,46820.49,18995650.00,28160889722.00,0.28,5.21,13.51,27/03/2022
2,Ethereum,ETH,395000000000.00,3291.58,120137507.00,13431866834.00,0.56,4.72,15.07,27/03/2022
3,Tether,USDT,81362292668.00,1,81331736008.00,59103680528.00,-0.01,0,-0.01,27/03/2022
4,BNB,BNB,71083302849.00,430.5,165116761.00,1499505093.00,0.16,3.51,10.17,27/03/2022
5,USD_Coin,USDC,52083027076.00,1,52080992407.00,3193250085.00,0.02,0.01,0.01,27/03/2022
6,XRP,XRP,41256704402.00,0.86,48121609012.00,1505124770.00,0.42,2.95,6.35,27/03/2022
7,Cardano,ADA,39869330421.00,1.18,33726172421.00,1322194562.00,0.73,2.74,34.78,27/03/2022
8,Solana,SOL,34798921341.00,107.08,324967786.00,1572329892.00,1.39,5.23,20.84,27/03/2022
9,Terra,LUNA,33552358835.00,94.15,356365476.00,1014543759.00,0.96,3.02,4,27/03/2022
10,Avalanche,AVAX,24006949475.00,89.82,267264014.00,759068099.90,1.76,4.5,6.02,27/03/2022
1,Bitcoin,BTC,883000000000.00,46453.57,19001856.00,25414397610.00,-0.82,1.27,-0.78,03/04/2022
2,Ethereum,ETH,424000000000.00,3522.83,120231936.00,15333808649.00,-0.79,2.26,7.03,03/04/2022
3,Tether,USDT,82324402977.00,1,82301930534.00,67183096448.00,0,-0.01,-0.01,03/04/2022
4,BNB,BNB,74360146489.00,450.35,165116761.00,2128734028.00,-0.26,3.07,4.61,03/04/2022
5,USD_Coin,USDC,51633984579.00,1,51629119959.00,3383196459.00,0.04,0.08,0.01,03/04/2022
6,Solana,SOL,44563278264.00,136.78,325813733.00,2585967812.00,-0.88,3.46,27.73,03/04/2022
7,XRP,XRP,40575582678.00,0.84,48135209660.00,1348476817.00,-0.44,2.19,-1.68,03/04/2022
8,Cardano,ADA,40012506060.00,1.19,33739028516.00,976725814.00,-0.36,2.59,0.32,03/04/2022
9,Terra,LUNA,39928188007.00,113.07,353128511.00,2169660757.00,-0.51,-1.84,20.09,03/04/2022
10,Avalanche,AVAX,26224674829.00,98.08,267386507.00,1288604372.00,-1.18,2.19,9.19,03/04/2022
1,Bitcoin,BTC,802000000000.00,42207.67,19008237.00,17654475582.00,0.19,-1.34,-9.14,10/04/2022
2,Ethereum,ETH,386000000000.00,3211.87,120326228.00,10427054790.00,-0.38,-1.53,-8.83,10/04/2022
3,Tether,USDT,82559031739.00,1,82534930597.00,43341611560.00,0,-0.01,0,10/04/2022
4,BNB,BNB,69116334131.00,418.59,165116761.00,1410282903.00,-0.4,-2,-7.05,10/04/2022
5,USD_Coin,USDC,50992961339.00,1,51012046682.00,2315716300.00,0.02,-0.05,-0.05,10/04/2022
6,Solana,SOL,36612845093.00,111.74,327653902.00,1280232450.00,0.32,-1.09,-18.3,10/04/2022
7,XRP,XRP,36419765610.00,0.76,48135209660.00,1046936968.00,-0.1,-0.91,-10.24,10/04/2022
8,Cardano,ADA,34795020604.00,1.03,33752565071.00,626332865.70,-0.47,-1.35,-13.07,10/04/2022
9,Terra,LUNA,32861203910.00,92.58,354954895.00,1463279242.00,-0.72,-4.97,-18.12,10/04/2022
10,Avalanche,AVAX,21951204830.00,81.82,268298114.00,488065132.30,-1.32,-3.28,-16.58,10/04/2022
1,Bitcoin,BTC,755000000000.00,39716.95,19014600.00,19087633042.00,-0.84,-1.75,-5.9,17/04/2022
2,Ethereum,ETH,360000000000.00,2993.4,120420434.00,10463091281.00,-1.81,-2.25,-6.8,17/04/2022
3,Tether,USDT,82744322401.00,1,82718361450.00,40964576376.00,0,0,0,17/04/2022
4,BNB,BNB,67264889167.00,407.38,165116761.00,1088306780.00,-1.7,-2.42,-2.68,17/04/2022
5,USD_Coin,USDC,50008804043.00,1,50045910866.00,2678573075.00,-0.02,-0.1,-0.04,17/04/2022
6,XRP,XRP,36253212424.00,0.75,48135209660.00,1350930297.00,-1.98,-3.67,-0.46,17/04/2022
7,Solana,SOL,33448341308.00,100.41,333118638.00,1057908299.00,-1.77,-1.81,-10.14,17/04/2022
8,Cardano,ADA,30966833579.00,0.92,33752555544.00,528371932.70,-2.11,-3.69,-11,17/04/2022
9,Terra,LUNA,27618721595.00,77.43,356705936.00,1068176019.00,-3.27,-4.43,-16.37,17/04/2022
10,Avalanche,AVAX,20310057428.00,75.71,268263861.00,322395973.00,-1.69,-2.8,-7.46,17/04/2022
1,Bitcoin,BTC,751000000000.00,39469.29,19021243.00,17964398167.00,-0.28,-0.04,-0.62,24/04/2022
2,Ethereum,ETH,352000000000.00,2922.73,12051425.00,9696829579.00,-0.33,-0.52,-2.36,24/04/2022
3,Tether,USDT,83142781297.00,1,83114200507.00,39519383045.00,0,0.01,0,24/04/2022
4,BNB,BNB,65164719261.00,399.11,163276975.00,1222468479.00,-0.39,-0.63,-2.03,24/04/2022
5,USD_Coin,USDC,49890528150.00,1,49892351394.00,2649077080.00,-0.02,0,0.07,24/04/2022
6,XRP,XRP,33613015003.00,0.7,48105234849.00,1108217932.00,-0.37,-1.27,-7.22,24/04/2022
7,Solana,SOL,33101881731.00,99.24,333567967.00,818266007.60,-0.31,-1.5,-1.17,24/04/2022
8,Terra,LUNA,31597192079.00,90.56,348908025.00,1256729240.00,-0.28,1.15,16.96,24/04/2022
9,Cardano,ADA,29916574843.00,0.89,33752565071.00,487629548.50,-0.15,-0.24,-3.39,24/04/2022
10,Avalanche,AVAX,19233384465.00,71.6,268611306.00,320340265.90,-0.68,-1.81,-5.42,24/04/2022
1,Bitcoin,BTC,732000000000.00,38469.09,19027918.00,27002760110.00,0.32,2,-2.53,01/05/2022
2,Ethereum,ETH,341000000000.00,2827.76,120607955.00,15332730152.00,0.66,3.57,-3.25,01/05/2022
3,Tether,USDT,83162272400.00,1,83152877108.00,61420362842.00,-0.01,0,-0.02,01/05/2022
4,BNB,BNB,63724060207.00,390.28,163276975.00,1553846706.00,0.35,3.31,-2.21,01/05/2022
5,USD_Coin,USDC,49298296907.00,1,49279500715.00,3757508036.00,0.04,0.01,0.04,01/05/2022
6,Solana,SOL,29986417060.00,89.67,334402963.00,1426749080.00,0.8,5.38,-9.64,01/05/2022
7,XRP,XRP,29240494806.00,0.61,48105234849.00,1657999135.00,0.49,3.53,-13.01,01/05/2022
8,Terra,LUNA,28361900934.00,82.24,344869364.00,1788318413.00,0.5,4.97,-9.19,01/05/2022
9,Cardano,ADA,26676154077.00,0.79,33752565071.00,928448231.50,0.79,4.45,-10.83,01/05/2022
10,TerraUSD,UST,18562618480.00,1,18532054951.00,566644084.60,0.13,0.21,0.03,01/05/2022
1,Bitcoin,BTC,648000000000.00,34059.26,19034531.00,36763041910.00,-0.7,-4.06,-11.46,08/05/2022
2,Ethereum,ETH,304000000000.00,2517.46,120700644.00,20802269935.00,-0.89,-4.5,-10.97,08/05/2022
3,Tether,USDT,83205227594.00,1,83217377095.00,77900163502.00,0,-0.01,-0.03,08/05/2022
4,BNB,BNB,58028429299.00,355.4,163276975.00,1875845651.00,-0.52,-2.81,-8.94,08/05/2022
5,USD_Coin,USDC,48681199305.00,1,48676959278.00,5432001418.00,0,0.02,-0.03,08/05/2022
6,XRP,XRP,27387673912.00,0.57,48343101197.00,1505054300.00,-0.9,-2.72,-6.8,08/05/2022
7,Solana,SOL,25222885523.00,75.22,335320721.00,1439700868.00,-0.9,-4.76,-16.12,08/05/2022
8,Cardano,ADA,25012203840.00,0.74,33820262544.00,1085127147.00,-1.34,-2.93,-6.43,08/05/2022
9,Terra,LUNA,21985748300.00,64.08,343092422.00,5108105142.00,-1.5,-6.11,-22.08,08/05/2022
10,TerraUSD,UST,18644841335.00,1,18712194935.00,2025913193.00,0.12,-0.05,-0.52,08/05/2022
1,Bitcoin,BTC,596000000000.00,31305.11,19040806.00,25835372065.00,0.68,4,-8.09,15/05/2022
2,Ethereum,ETH,259000000000.00,2145.71,120793055.00,14846088335.00,0.47,4.35,-14.77,15/05/2022
3,Tether,USDT,75681576736.00,1,75752120651.00,53979914930.00,0.03,0.03,-0.08,15/05/2022
4,USD_Coin,USDC,51148192672.00,1,51138846685.00,4610661832.00,-0.01,-0.02,0.01,15/05/2022
5,BNB,BNB,50943678221.00,312.01,163276975.00,1611088257.00,0.67,4.92,-12.21,15/05/2022
6,XRP,XRP,21627310018.00,0.45,48343101197.00,1427697924.00,0.65,4.58,-21.03,15/05/2022
7,Cardano,ADA,20167153400.00,0.6,33752565071.00,1090431332.00,0.38,10.78,-19.21,15/05/2022
8,Solana,SOL,19846538362.00,58.81,337461546.00,1843835578.00,1.61,12.2,-21.81,15/05/2022
9,Binance_USD,BUSD,17743577941.00,1,17735417590.00,8030119560.00,-0.14,0.01,0.02,15/05/2022
10,Dogecoin,DOGE,12317527158.00,0.09,133000000000.00,651900825.70,1.02,3.39,-25.25,15/05/2022
1,Bitcoin,BTC,578000000000.00,30323.72,19046768.00,21631532270.00,0.18,3.03,-3.13,22/05/2022
2,Ethereum,ETH,247000000000.00,2043.17,120884132.00,10941123403.00,0.38,3.48,-4.78,22/05/2022
3,Tether,USDT,73206667558.00,1,73275094986.00,40965864100.00,0,0.03,0,22/05/2022
4,USD_Coin,USDC,53139292857.00,1,53134419990.00,3493584223.00,-0.04,-0.02,-0.01,22/05/2022
5,BNB,BNB,52184792531.00,319.61,163276975.00,1604297406.00,0.34,2.29,2.44,22/05/2022
6,XRP,XRP,20417096593.00,0.42,48343101197.00,896133087.20,0.1,1.85,-5.6,22/05/2022
7,Binance_USD,BUSD,18545424838.00,1,18517729226.00,5907534747.00,0.23,0.1,0.1,22/05/2022
8,Cardano,ADA,18307396578.00,0.54,33739028516.00,489742263.80,0.28,2.71,-9.19,22/05/2022
9,Solana,SOL,17898175243.00,52.76,339268593.00,1105760506.00,0.31,4.84,-10.3,22/05/2022
10,Dogecoin,DOGE,11423643528.00,0.09,133000000000.00,375026021.00,0.07,1.94,-7.26,22/05/2022
1,Bitcoin,BTC,561000000000.00,29445.96,19053031.00,18093886409.00,0.04,1.46,-2.89,29/05/2022
2,Ethereum,ETH,219000000000.00,1812.03,120974400.00,10642556101.00,-0.01,1.09,-11.31,29/05/2022
3,Tether,USDT,72477658383.00,1,72537249554.00,34572061153.00,0,0.02,0.01,29/05/2022
4,USD_Coin,USDC,53728403269.00,1,53696928064.00,3972282488.00,0.02,0.04,0.05,29/05/2022
5,BNB,BNB,49958681902.00,305.98,163276975.00,1208835000.00,-0.08,-0.6,-4.27,29/05/2022
6,XRP,XRP,18806261248.00,0.39,48343101197.00,752879866.70,0.04,0.7,-7.89,29/05/2022
7,Binance_USD,BUSD,17989622001.00,1,17970184498.00,3122801413.00,0.09,-0.07,-0.04,29/05/2022
8,Cardano,ADA,16271803266.00,0.48,33820262544.00,444269488.00,0.26,3.52,-11.33,29/05/2022
9,Solana,SOL,15248168487.00,44.91,339530166.00,1317843243.00,-0.04,1.28,-14.87,29/05/2022
10,Dogecoin,DOGE,10969956872.00,0.08,133000000000.00,394962471.40,0.04,1.03,-3.97,29/05/2022
1,Bitcoin,BTC,570000000000.00,29906.66,19059193.00,17264085441.00,-0.34,0.25,1.56,05/06/2022
2,Ethereum,ETH,219000000000.00,1805.2,121063386.00,8850385937.00,-0.54,0.2,-0.38,05/06/2022
3,Tether,USDT,72492412161.00,1,72543449553.00,30872185296.00,0,0,0.01,05/06/2022
4,USD_Coin,USDC,54094982708.00,1,54087184371.00,3227635578.00,0,-0.01,-0.04,05/06/2022
5,BNB,BNB,48809157476.00,298.93,163276975.00,779603320.70,-0.3,-0.89,-2.3,05/06/2022
6,Cardano,ADA,19133051326.00,0.57,33739028516.00,478128223.60,-0.91,0.18,17.87,05/06/2022
7,XRP,XRP,19113884341.00,0.4,48343101197.00,726398938.10,-0.39,0.78,1.64,05/06/2022
8,Binance_USD,BUSD,18087458255.00,1,18049494749.00,2621810817.00,0.01,0.12,0.1,05/06/2022
9,Solana,SOL,13075923615.00,38.48,339806210.00,998532386.90,-1.98,-1.16,-14.32,05/06/2022
10,Dogecoin,DOGE,10776704002.00,0.08,133000000000.00,282624183.50,-0.79,-0.67,-1.76,05/06/2022
1,Bitcoin,BTC,510000000000.00,26762.65,19065843.00,34163220274.00,-1.07,-5.64,-10.51,12/06/2022
2,Ethereum,ETH,175000000000.00,1445.22,121149272.00,23465074882.00,-1.11,-5.52,-19.94,12/06/2022
3,Tether,USDT,72428255699.00,1,72494981447.00,59051274983.00,0,0.01,-0.02,12/06/2022
4,USD_Coin,USDC,53994300101.00,1,53991679228.00,6008997676.00,-0.03,0,-0.01,12/06/2022
5,BNB,BNB,41790885363.00,255.95,163276975.00,1380200465.00,-0.99,-5.02,-14.38,12/06/2022
6,Binance_USD,BUSD,17758622019.00,1,17742539878.00,5731962347.00,0.13,0.02,-0.12,12/06/2022
7,XRP,XRP,16702074997.00,0.35,48343101197.00,1370072145.00,-1.11,-3.77,-12.62,12/06/2022
8,Cardano,ADA,16770325342.00,0.5,33752565071.00,1474640183.00,-2.32,-10.12,-12.38,12/06/2022
9,Solana,SOL,10516559194.00,30.74,342076776.00,1430666510.00,-2.44,-9.1,-20.11,12/06/2022
10,Dogecoin,DOGE,8535532362.00,0.06,133000000000.00,708156957.30,-1.63,-7.95,-20.8,12/06/2022
1,Bitcoin,BTC,392000000000.00,20553.27,19071850.00,35329942625.00,-0.57,8.07,-23.2,19/06/2022
2,Ethereum,ETH,137000000000.00,1127.66,121234454.00,21795481981.00,-0.9,13.49,-21.97,19/06/2022
3,Tether,USDT,68102975882.00,1,68173229691.00,55603476684.00,0.02,0.03,-0.01,19/06/2022
4,USD_Coin,USDC,55900557577.00,1,55877977876.00,6073489273.00,0.04,0.01,0.04,19/06/2022
5,BNB,BNB,35091574388.00,214.92,163276975.00,1333254615.00,-0.07,9.07,-16.03,19/06/2022
6,Binance_USD,BUSD,17182271246.00,1,17184126307.00,5147188373.00,-0.23,-0.03,-0.1,19/06/2022
7,Cardano,ADA,16341966396.00,0.48,33739028516.00,1050008285.00,-0.37,6.18,-2.52,19/06/2022
8,XRP,XRP,15762422675.00,0.33,48343101197.00,1159418572.00,-0.1,5.83,-5.63,19/06/2022
9,Solana,SOL,11724330826.00,34.24,342378734.00,2005402608.00,-1.14,7.66,11.39,19/06/2022
10,Dogecoin,DOGE,8012737057.00,0.06,133000000000.00,1166163984.00,-0.07,13.93,-6.12,19/06/2022
1,Bitcoin,BTC,401000000000.00,21027.3,19077962.00,18027170497.00,-0.27,-2.21,2.31,26/06/2022
2,Ethereum,ETH,146000000000.00,1199.83,121313867.00,12096607824.00,-0.95,-3.51,6.4,26/06/2022
3,Tether,USDT,66827166314.00,1,66867450244.00,37228683270.00,-0.01,-0.02,0.04,26/06/2022
4,USD_Coin,USDC,55876331533.00,1,55886776114.00,3243270528.00,-0.04,-0.03,-0.06,26/06/2022
5,BNB,BNB,38183748928.00,233.86,163276975.00,823875889.90,-0.56,-2.43,8.81,26/06/2022
6,XRP,XRP,17348594105.00,0.36,48343101197.00,789514304.30,-0.24,-2.36,10.06,26/06/2022
7,Binance_USD,BUSD,17374825904.00,1,17362580695.00,3392421095.00,0.21,0.06,0.08,26/06/2022
8,Cardano,ADA,16527043913.00,0.49,33752565071.00,842528877.00,-0.67,-1.86,1.09,26/06/2022
9,Solana,SOL,13507861443.00,39.41,342768771.00,1138724690.00,-0.49,-6.91,15.08,26/06/2022
10,Dogecoin,DOGE,9708405809.00,0.07,133000000000.00,883689354.70,-1.21,6.82,21.16,26/06/2022
1,Bitcoin,BTC,368000000000.00,19297.08,19084375.00,16390821947.00,0.06,0.28,-8.23,03/07/2022
2,Ethereum,ETH,130000000000.00,1073.77,121399635.00,8557248150.00,-0.03,0.68,-10.51,03/07/2022
3,Tether,USDT,66169266578.00,1,66230318610.00,27890770459.00,0,0.01,-0.03,03/07/2022
4,USD_Coin,USDC,55823349221.00,1,55802605113.00,3614447154.00,0,0.04,0.06,03/07/2022
5,BNB,BNB,35754443111.00,218.98,163276975.00,724525676.30,0.16,0.43,-6.36,03/07/2022
6,Binance_USD,BUSD,17534713958.00,1,17547224379.00,3731656763.00,0.01,-0.1,-0.14,03/07/2022
7,XRP,XRP,15552125746.00,0.32,48343101197.00,728566418.40,0.68,1.94,-10.36,03/07/2022
8,Cardano,ADA,15377222960.00,0.46,33752565071.00,439469536.50,0.1,-0.17,-6.96,03/07/2022
9,Solana,SOL,11465283748.00,33.39,343416618.00,605659824.90,0.32,0.08,-15.28,03/07/2022
10,Dogecoin,DOGE,8912747930.00,0.07,133000000000.00,280878240.10,0.36,0.72,-8.2,03/07/2022
1,Bitcoin,BTC,398000000000.00,20860.45,19090556.00,28688807249.00,0.07,-3.39,8.1,10/07/2022
2,Ethereum,ETH,142000000000.00,1168.4,121494294.00,10984558039.00,-0.05,-3.99,8.81,10/07/2022
3,Tether,USDT,65955599835.00,1,65990930061.00,40170710077.00,-0.01,-0.01,0.04,10/07/2022
4,USD_Coin,USDC,55548556605.00,1,55546939563.00,4439375698.00,-0.01,0,-0.03,10/07/2022
5,BNB,BNB,38313853886.00,234.66,163276975.00,881096012.60,0.2,-3.53,7.16,10/07/2022
6,Binance_USD,BUSD,17576677877.00,1,17547224379.00,4484473153.00,0.17,0.28,0.24,10/07/2022
7,XRP,XRP,15743541094.00,0.33,48343101197.00,913229467.00,-0.19,-5.59,1.23,10/07/2022
8,Cardano,ADA,15718939990.00,0.46,33934048406.00,612314122.20,-0.2,-3.25,1.68,10/07/2022
9,Solana,SOL,12670817159.00,36.7,345276370.00,714119421.40,-0.28,-3.61,9.92,10/07/2022
10,Dogecoin,DOGE,8923774475.00,0.07,133000000000.00,299810124.00,-0.13,-3.24,0.12,10/07/2022
1,Bitcoin,BTC,397000000000.00,20779.34,19096287.00,22927802083.00,-1.03,-1.94,-0.39,17/07/2022
2,Ethereum,ETH,163000000000.00,1338.64,121588821.00,16079711737.00,-1.43,-1.03,14.57,17/07/2022
3,Tether,USDT,65858779417.00,1,65876317670.00,42189248625.00,0,0,0.03,17/07/2022
4,USD_Coin,USDC,54805466619.00,1,54791821096.00,5540927850.00,0.01,0.01,0.02,17/07/2022
5,BNB,BNB,40467949154.00,247.85,163276975.00,1050861669.00,-0.84,-0.7,5.62,17/07/2022
6,Binance_USD,BUSD,17554013041.00,1,17547224379.00,4716284406.00,0.15,-0.05,-0.13,17/07/2022
7,XRP,XRP,16601593223.00,0.34,48343101197.00,1093079294.00,-1.64,-2.12,5.45,17/07/2022
8,Cardano,ADA,15093249211.00,0.45,33739028516.00,695937970.80,-0.94,-2.16,-3.43,17/07/2022
9,Solana,SOL,13350831261.00,38.64,345476176.00,1119935904.00,-1.37,-2.35,5.31,17/07/2022
10,Dogecoin,DOGE,8372496382.00,0.06,133000000000.00,249697026.10,-1.74,-1.82,-6.18,17/07/2022
1,Bitcoin,BTC,432000000000.00,22609.16,19102462.00,23565495303.00,-0.36,0.64,8.81,24/07/2022
2,Ethereum,ETH,195000000000.00,1599.48,121684775.00,17217849557.00,-0.58,3.24,19.49,24/07/2022
3,Tether,USDT,65848592823.00,1,65846277710.00,41955275140.00,0,0,0.03,24/07/2022
4,USD_Coin,USDC,55099785177.00,1,55095163750.00,4866184511.00,0,0.01,-0.02,24/07/2022
5,BNB,BNB,42248561528.00,261.86,161337261.00,913146574.10,-0.07,0.93,5.66,24/07/2022
6,Binance_USD,BUSD,17567977534.00,1,17547224379.00,4727016296.00,0,0.2,0.08,24/07/2022
7,XRP,XRP,17367749271.00,0.36,48343101197.00,912894826.90,-0.34,-0.08,4.61,24/07/2022
8,Cardano,ADA,17342549221.00,0.51,33752565071.00,910596091.10,-0.19,-0.69,14.86,24/07/2022
9,Solana,SOL,14183906921.00,41.01,345893386.00,1115260733.00,-0.14,2.41,6.11,24/07/2022
10,Dogecoin,DOGE,8985046175.00,0.07,133000000000.00,369141492.30,-0.18,-0.59,7.32,24/07/2022
1,Bitcoin,BTC,446000000000.00,23336.9,19108843.00,23553591896.00,0.02,-1.35,3.22,31/07/2022
2,Ethereum,ETH,205000000000.00,1681.52,121777945.00,14200735370.00,0.25,-0.85,5.13,31/07/2022
3,Tether,USDT,66219690038.00,1,66197977708.00,52267348020.00,0.01,0,0.03,31/07/2022
4,USD_Coin,USDC,54455842443.00,1,54466880787.00,7124030237.00,0,-0.01,-0.03,31/07/2022
5,BNB,BNB,45751935453.00,283.58,161337261.00,1313531523.00,0.25,-1.38,8.29,31/07/2022
6,XRP,XRP,18392533898.00,0.38,48343101197.00,1359568596.00,-0.47,-1.88,5.9,31/07/2022
7,Binance_USD,BUSD,17846505622.00,1,17858623534.00,6199044656.00,-0.18,-0.06,-0.19,31/07/2022
8,Cardano,ADA,17544584313.00,0.52,33934048406.00,875157898.10,-0.24,-1.63,0.62,31/07/2022
9,Solana,SOL,14677221207.00,42.4,346159212.00,1356657075.00,0.05,-3.1,3.4,31/07/2022
10,Dogecoin,DOGE,9057728540.00,0.07,133000000000.00,521194035.40,-0.1,-1.97,0.81,31/07/2022
1,Bitcoin,BTC,443000000000.00,23175.89,19115337.00,15886817043.00,-0.3,0.93,-0.69,07/08/2022
2,Ethereum,ETH,207000000000.00,1699.35,121872197.00,10252090340.00,-0.37,0.45,1.06,07/08/2022
3,Tether,USDT,66486127949.00,1,66476525454.00,29901528651.00,0,0,-0.02,07/08/2022
4,USD_Coin,USDC,54275863426.00,1,54280268796.00,3504912367.00,0.01,0.02,0.01,07/08/2022
5,BNB,BNB,52099211446.00,322.92,161337261.00,1012978419.00,-0.37,2.49,13.87,07/08/2022
6,XRP,XRP,18008096795.00,0.37,48343101197.00,509151828.90,-0.47,0.25,-2.09,07/08/2022
7,Binance_USD,BUSD,17919074504.00,1,17921636048.00,3175297520.00,0.02,-0.01,0.05,07/08/2022
8,Cardano,ADA,17796329481.00,0.53,33739028516.00,495713644.80,-0.42,3.17,2.02,07/08/2022
9,Solana,SOL,14089000374.00,40.61,346971924.00,614104051.30,-0.45,1.37,-4.23,07/08/2022
10,Polkadot,DOT,9552753760.00,8.65,1104823435.00,343345305.60,-0.98,1.53,0.01,07/08/2022
1,Bitcoin,BTC,465000000000.00,24319.33,19121593.00,22994133555.00,-0.07,-0.43,4.93,14/08/2022
2,Ethereum,ETH,236000000000.00,1936.8,121965418.00,14062754456.00,-0.19,-2.25,13.97,14/08/2022
3,Tether,USDT,67303183169.00,1,67284962674.00,43866838979.00,0,-0.01,0.01,14/08/2022
4,USD_Coin,USDC,53593155481.00,1,53601293517.00,4448890165.00,-0.01,-0.01,-0.01,14/08/2022
5,BNB,BNB,51303090208.00,317.99,161337261.00,936178150.20,-0.52,-1.82,-1.53,14/08/2022
6,Cardano,ADA,19354043699.00,0.57,33934048406.00,1180283864.00,-0.25,1.88,8.13,14/08/2022
7,XRP,XRP,18498504134.00,0.38,49139217191.00,754512693.30,-0.43,-0.4,1.06,14/08/2022
8,Binance_USD,BUSD,17721029012,1,17723549958.00,5112255401.00,0,-0.04,0,14/08/2022
9,Solana,SOL,15662657783,44.92,348705560.00,1061034922.00,-0.98,-3.37,10.62,14/08/2022
10,Dogecoin,DOGE,10837495194,0.08,133000000000.00,1530403447.00,0,12.15,18.49,14/08/2022
1,Bitcoin,BTC,4.12E+11,21534.12,19128093.00,23102307723.00,-0.23,1.74,-11.45,21/08/2022
2,Ethereum,ETH,1.98E+11,1619.32,122058088.00,15849221752.00,-0.04,2.68,-16.39,21/08/2022
3,Tether,USDT,67549185033,1,67549562651.00,45699064002.00,0,0,-0.03,21/08/2022
4,USD_Coin,USDC,52546676704,1,52539276742.00,5446317941.00,0,-0.01,0.03,21/08/2022
5,BNB,BNB,48732933148,302.06,161337261.00,1249205607.00,-0.06,6.47,-5.01,21/08/2022
6,Binance_USD,BUSD,18820506779,1,18819101289.00,4140857537.00,0.01,0,0.02,21/08/2022
7,XRP,XRP,17050167032,0.35,49377587823.00,835616993.20,-0.17,2.3,-8.27,21/08/2022
8,Cardano,ADA,15730006876,0.46,33934048406.00,616272980.50,-0.28,2.69,-18.72,21/08/2022
9,Solana,SOL,12754468528,36.53,349119954.00,982071275.00,-0.37,3.58,-18.66,21/08/2022
10,Dogecoin,DOGE,9213780847,0.07,133000000000.00,421455864.70,-0.35,-0.13,-14.98,21/08/2022
1,Bitcoin,BTC,3.75E+11,19616.81,19134981.00,24366810591.00,-1.6,-2.12,-8.9,28/08/2022
2,Ethereum,ETH,1.75E+11,1430.55,122149971.00,12823572918.00,-2.5,-4.08,-11.66,28/08/2022
3,Tether,USDT,67551567244,1,67549664915.00,34337927087.00,0,0,0,28/08/2022
4,USD_Coin,USDC,52200895875,1,52199284884.00,6479740107.00,0,0,-0.01,28/08/2022
5,BNB,BNB,44569560737,276.25,161337261.00,758285305.40,-1.23,-0.56,-8.54,28/08/2022
6,Binance_USD,BUSD,19152402056,1,19142664180.00,3901333042.00,0.02,0.03,0.04,28/08/2022
7,XRP,XRP,16005208825,0.32,49537223666.00,596573621.10,-2.58,-3.65,-6.43,28/08/2022
8,Cardano,ADA,14515263480,0.43,33752565071.00,519341943.40,-1.9,-4.37,-7.23,28/08/2022
9,Solana,SOL,10618466611,30.39,349380311.00,562501615.00,-3.05,-3.65,-16.81,28/08/2022
10,Dogecoin,DOGE,8197164607,0.06,133000000000.00,295086067.20,-2.55,-2.83,-11.03,28/08/2022
1,Bitcoin,BTC,3.83E+11,19986.71,19141543.00,25245861652.00,0.71,0.78,1.89,04/09/2022
2,Ethereum,ETH,1.93E+11,1577.64,12224156.00,8884144998.00,0.65,1.33,10.28,04/09/2022
3,Tether,USDT,67554552923,1,67550404104.00,31495577330.00,0,0,0,04/09/2022
4,USD_Coin,USDC,51881772221,1,51876228265.00,6332291606.00,0.02,0,0.01,04/09/2022
5,BNB,BNB,44987580579,278.84,161337261.00,512014471.20,0.5,0.38,0.94,04/09/2022
6,Binance_USD,BUSD,19438038370,1,19433224173.00,4345105641.00,0.02,0.02,-0.03,04/09/2022
7,Cardano,ADA,17196438526,0.5,34182044153.00,907968826.90,0.8,4.72,16.98,04/09/2022
8,XRP,XRP,16472643158,0.33,49646492379.00,431905799.60,0.31,0.55,2.69,04/09/2022
9,Solana,SOL,11232288702,32.11,349839720.00,392954662.90,0.6,3.21,5.64,04/09/2022
10,Dogecoin,DOGE,8388285912,0.06,133000000000.00,250044435.80,0.63,0.85,2.33,04/09/2022
1,Bitcoin,BTC,4.17E+11,21769.26,19148118.00,34493951963.00,0.55,0.41,8.92,11/09/2022
2,Ethereum,ETH,2.16E+11,1761.8,122331659.00,12464301922.00,0.79,-0.81,11.67,11/09/2022
3,Tether,USDT,67670904333,1,67652203603.00,47160062304.00,0,0,0.02,11/09/2022
4,USD_Coin,USDC,51601695544,1,51604205337.00,5285353049.00,0.01,0.01,-0.02,11/09/2022
5,BNB,BNB,47620609272,295.16,161337261.00,700835024.80,0.57,-0.61,5.85,11/09/2022
6,Binance_USD,BUSD,20000545579,1,20003342405.00,8265336407.00,0.01,-0.01,-0.04,11/09/2022
7,XRP,XRP,17694152749,0.36,49826021773.00,650515883.40,0.18,-0.72,7.03,11/09/2022
8,Cardano,ADA,17424373510,0.51,34182044153.00,705305295.40,0.67,-0.52,1.33,11/09/2022
9,Solana,SOL,12352902119,34.97,353283628.00,757216095.70,0.13,-0.46,8.9,11/09/2022
10,Polkadot,DOT,8591192715,7.7,1116007262.00,275936800.40,0.5,-1.12,4.45,11/09/2022
1,Bitcoin,BTC,3.72E+11,19419.51,19154475.00,31254779144.00,-0.13,-3.52,-10.79,18/09/2022
2,Ethereum,ETH,1.63E+11,1335.33,122425707.00,15762284723.00,-0.33,-9.15,-24.21,18/09/2022
3,Tether,USDT,67925116253,1,67923548347.00,46056427438.00,0,-0.01,-0.03,18/09/2022
4,USD_Coin,USDC,50190456315,1,50186584186.00,4028540366.00,0.01,0,0.01,18/09/2022
5,BNB,BNB,42966238265,266.31,161337261.00,789437104.80,0.02,-4.63,-9.77,18/09/2022
6,Binance_USD,BUSD,20527981756,1,20517253085.00,7971539238.00,0.04,0.06,0.07,18/09/2022
7,XRP,XRP,17853819363,0.36,49826021773.00,2485765138.00,-1.65,-4.95,0.9,18/09/2022
8,Cardano,ADA,15285735911,0.45,34182044153.00,677522389.40,-0.81,-8.2,-12.27,18/09/2022
9,Solana,SOL,10998783713,31.06,354115753.00,694870048.70,-0.56,-7.97,-11.17,18/09/2022
10,Dogecoin,DOGE,7631164741,0.06,133000000000.00,265405123.60,-0.23,-7.54,-9.72,18/09/2022
1,Bitcoin,BTC,3.6E+11,18802.1,19160593.00,23359966112.00,-0.03,-0.71,-3.18,25/09/2022
2,Ethereum,ETH,1.59E+11,1294.22,122525641.00,11802651633.00,0.12,-1.8,-3.08,25/09/2022
3,Tether,USDT,67958406853,1,67954703169.00,35041309688.00,0,0,0,25/09/2022
4,USD_Coin,USDC,49589400501,1,49590970990.00,3878358168.00,0,0,-0.01,25/09/2022
5,BNB,BNB,44216290549,274.06,161337261.00,640533920.30,0.3,-0.39,2.91,25/09/2022
6,XRP,XRP,24556855664,0.49,49848747475.00,3422191941.00,-0.29,0.8,37.48,25/09/2022
7,Binance_USD,BUSD,20530509098,1,20517253085.00,6699091780.00,0.04,0.06,0.01,25/09/2022
8,Cardano,ADA,15273923718,0.45,34232058649.00,528836100.00,0.33,-1.2,-0.22,25/09/2022
9,Solana,SOL,11467768426,32.34,354651021.00,610529879.00,-0.08,-3.37,4.11,25/09/2022
10,Dogecoin,DOGE,8113072988,0.06,133000000000.00,367453954.70,0.26,-3.29,6.32,25/09/2022
1,Bitcoin,BTC,3.65E+11,19044.11,19167337.00,20765955327.00,-0.7,-1.39,1.29,02/10/2022
2,Ethereum,ETH,1.56E+11,1276.09,122625799.00,7578351650.00,-1.27,-2.71,-1.4,02/10/2022
3,Tether,USDT,67953496945,1,67949424439.00,30109417396.00,0,0,0,02/10/2022
4,USD_Coin,USDC,47325233841,1,47325673086.00,2933405193.00,0.03,0,0,02/10/2022
5,BNB,BNB,45889655979,284.43,161337261.00,556343467.70,-0.45,0.55,3.78,02/10/2022
6,XRP,XRP,22397914680,0.45,49900666456.00,1524148633.00,-1.04,-5.53,-8.89,02/10/2022
7,Binance_USD,BUSD,21032239187,1,21042229623.00,4876227728.00,-0.03,-0.08,-0.11,02/10/2022
8,Cardano,ADA,14373740433,0.42,34253155875.00,404886268.30,-1.04,-2.48,-5.95,02/10/2022
9,Solana,SOL,11393119249,32.06,355416348.00,532211083.90,-0.81,-1.27,-0.86,02/10/2022
10,Dogecoin,DOGE,7865818785,0.06,133000000000.00,198168354.40,-0.71,-2.21,-3.05,02/10/2022
1,Bitcoin,BTC,3.73E+11,19446.43,19174568.00,16837262532.00,0.18,0.15,2.11,09/10/2022
2,Ethereum,ETH,1.62E+11,1322.6,122725943.00,5486230123.00,0.37,0.54,3.64,09/10/2022
3,Tether,USDT,68382659680,1,68371859092.00,22977760897.00,0,0.01,0.01,09/10/2022
4,USD_Coin,USDC,46061806383,1,46062124068.00,2260430910.00,0,-0.02,0,09/10/2022
5,BNB,BNB,44890165690,278.24,161337261.00,570350813.90,0.19,0.64,-2.18,09/10/2022
6,XRP,XRP,26627502147,0.53,49858575704.00,1789206998.00,-0.15,3.28,18.98,09/10/2022
7,Binance_USD,BUSD,21630677038,1,21628100611.00,3456238969.00,-0.06,0.03,0.06,09/10/2022
8,Cardano,ADA,14497057763,0.42,34266157110.00,280279985.90,0.27,0.32,0.82,09/10/2022
9,Solana,SOL,11755441424,32.91,357157550.00,405849927.80,0.48,1.03,2.68,09/10/2022
10,Dogecoin,DOGE,8246227943,0.06,133000000000.00,158280271.70,0.39,0.77,4.84,09/10/2022
1,Bitcoin,BTC,3.7E+11,19268.09,19181156.00,17988916650.00,-0.21,1.05,-0.92,16/10/2022
2,Ethereum,ETH,1.6E+11,1306.3,122373863.00,7491625206.00,-0.23,2.46,-1.23,16/10/2022
3,Tether,USDT,68436428831,1,68432559807.00,27428821905.00,0,0,-0.01,16/10/2022
4,USD_Coin,USDC,45001378931,1,45003483993.00,2511992440.00,0,0,0,16/10/2022
5,BNB,BNB,43967624739,272.52,161337261.00,563344665.80,-0.27,1.53,-2.06,16/10/2022
6,XRP,XRP,23833409895,0.48,49964184162.00,1028960255.00,-0.33,-0.93,-10.68,16/10/2022
7,Binance_USD,BUSD,21639502431,1,21628100611.00,4728210778.00,0.07,0.02,0.04,16/10/2022
8,Cardano,ADA,12696667788,0.37,34289257082.00,337167739.20,-0.2,1.8,-12.48,16/10/2022
9,Solana,SOL,10800988353,30.17,358018007.00,608389718.80,-0.36,2.01,-8.34,16/10/2022
10,Dogecoin,DOGE,7816135872,0.06,133000000000.00,162246280.10,-0.31,0.57,-5.22,16/10/2022
1,Bitcoin,BTC,3.75E+11,19567.01,19187618.00,22128794335.00,-0.13,1.87,1.55,23/10/2022
2,Ethereum,ETH,1.67E+11,1363.45,"122,373,86",9909510925.00,-0.13,3.74,4.37,23/10/2022
3,Tether,USDT,68458351755,1,68453108030.00,31629519444.00,0,0,0,23/10/2022
4,BNB,BNB,44155896393,276.01,159980391.00,483765500.30,0.02,2.04,1.28,23/10/2022
5,USD_Coin,USDC,43948066114,1,43946761291.00,2276952462.00,0,0,0.01,23/10/2022
6,XRP,XRP,23398675902,0.47,49887015710.00,950974305.00,-0.1,0.77,-1.67,23/10/2022
7,Binance_USD,BUSD,21640478802,1,21628100611.00,4461506899.00,0.08,0.05,0,23/10/2022
8,Cardano,ADA,12421822428,0.36,34305042436.00,394201920.60,0.17,3.04,-2.21,23/10/2022
9,Solana,SOL,10489621424,29.27,35837362.00,633157057.00,0.07,4.48,-2.98,23/10/2022
10,Dogecoin,DOGE,8006327877,0.06,133000000000.00,182523574.90,0.15,1.09,2.43,23/10/2022
1,Bitcoin,BTC,3.96E+11,20635.6,19193775.00,31486345556.00,0.23,-0.88,5.46,30/10/2022
2,Ethereum,ETH,1.95E+11,1590.78,122373863.00,13930073427.00,0.31,-1.79,16.67,30/10/2022
3,Tether,USDT,69115463004,1,69103092527.00,52873524542.00,0,0,0.01,30/10/2022
4,BNB,BNB,50194052761,313.75,159978602.00,1451550019.00,0.61,3.13,13.68,30/10/2022
5,USD_Coin,USDC,43701223014,1,43696202166.00,3672657264.00,0,0,0.01,30/10/2022
6,XRP,XRP,22961905543,0.46,50085407159.00,964813817.20,-0.05,-2.54,-2.26,30/10/2022
7,Binance_USD,BUSD,21396931014,1,21394874602.00,5955857683.00,-0.05,0,-0.05,30/10/2022
8,Dogecoin,DOGE,15628919762,0.12,133000000000.00,7908593943.00,1.3,-3.13,95.21,30/10/2022
9,Cardano,ADA,13936754372,0.41,34322978918.00,577564479.00,0.46,-3.27,12.14,30/10/2022
10,Solana,SOL,11827394126,32.97,358776295.00,731319296.90,0.99,0.33,12.63,30/10/2022
1,Bitcoin,BTC,4.02E+11,20926.49,19200181.00,35082693210.00,-0.98,-1.67,1.41,06/11/2022
2,Ethereum,ETH,1.92E+11,1572.23,122373863.00,11632744705.00,-1.87,-3.42,-1.17,06/11/2022
3,Tether,USDT,69366918016,1,69360692564.00,51095877870.00,0,0,-0.01,06/11/2022
4,BNB,BNB,54294354064,339.39,159976589.00,1143505730.00,-2.84,-2.82,8.17,06/11/2022
5,USD_Coin,USDC,42187827668,1,42193343562.00,2414704424.00,0,0,-0.02,06/11/2022
6,XRP,XRP,23634830441,0.47,50215300844.00,940815147.60,-1.65,-4.59,2.66,06/11/2022
7,Binance_USD,BUSD,22543376723,1,22544178442.00,6180167998.00,-0.03,0.02,-0.01,06/11/2022
8,Dogecoin,DOGE,15204923054,0.11,133000000000.00,1316810628.00,-3.78,-7.86,-2.71,06/11/2022
9,Cardano,ADA,13840734880,0.4,34343840359.00,495843422.70,-2.61,-5.56,-0.75,06/11/2022
10,Solana,SOL,11740670593,32.68,359222249.00,1650006613.00,-1.99,-11.1,-0.86,06/11/2022
1,Bitcoin,BTC,3.14E+11,16353.37,19206643.00,27209183682.00,-0.55,-2.65,-21.85,13/11/2022
2,Ethereum,ETH,1.5E+11,1221.82,122373866.00,10717455214.00,-0.46,-2.66,-22.29,13/11/2022
3,Tether,USDT,66350624518,1,66433360735.00,40189889540.00,0,0.01,-0.13,13/11/2022
4,BNB,BNB,44245687908,276.58,159974616.00,956106803.90,-0.03,-2.04,-18.45551,13/11/2022
5,USD_Coin,USDC,44075987661,1,44069979160.00,2374782585.00,-0.03,-0.01,0.03,13/11/2022
6,Binance_USD,BUSD,23371169748,1,23345613456.00,7253712643.00,0.01,0.03,0.11,13/11/2022
7,XRP,XRP,17088087648,0.34,50215300844.00,1064115311.00,0.18,-6.43,-27.7,13/11/2022
8,Cardano,ADA,11355096055,0.33,34396146141.00,405636157.40,-0.02,-2.66,-18.08,13/11/2022
9,Dogecoin,DOGE,11262817197,0.08,133000000000.00,949584215.70,0.1,-3.57,-25.93,13/11/2022
10,Polygon,MATIC,7756599335,0.89,8734317475.00,631517870.10,0.34,-5.42,-21.96,13/11/2022
1,Bitcoin,BTC,3.13E+11,16291.83,19212868.00,21313378652.00,-0.09,-2.51,-0.38,20/11/2022
2,Ethereum,ETH,1.4E+11,1142.47,122373866.00,9651002684.00,-0.1,-6.23,-6.49,20/11/2022
3,Tether,USDT,65817845549,1,65884935625.00,33834889406.00,0.02,-0.01,0.02,20/11/2022
4,USD_Coin,USDC,44459023734,1,44449518730.00,2631891750.00,0,0.01,0.01,20/11/2022
5,BNB,BNB,42270466526,264.24,159972929.00,720361905.00,-0.12,-3,-4.46,20/11/2022
6,Binance_USD,BUSD,22900246738,1,22872131211.00,7510289975.00,-0.01,0.06,0.01,20/11/2022
7,XRP,XRP,18205365404,0.36,50298735565.00,1156162576.00,-0.56,-5.91,6.36,20/11/2022
8,Cardano,ADA,10750077836,0.31,34421495312.00,241625734.90,-0.04,-4.93,-5.4,20/11/2022
9,Dogecoin,DOGE,10238717743,0.08,133000000000.00,499031478.40,-0.8,-8.76,-9.09,20/11/2022
10,Polygon,MATIC,7053603934,0.81,8734317475.00,379584713.60,-0.48,-7.82,-9.06,20/11/2022
1,Bitcoin,BTC,3.16E+11,16444.63,19218468.00,20443898509.00,-0.87,-0.12,0.94,27/11/2022
2,Ethereum,ETH,1.46E+11,1195.13,122373866.00,4486976868.00,-1.76,-0.89,4.61,27/11/2022
3,Tether,USDT,65336770716,1,65362681003.00,27588594951.00,0,0,0.06,27/11/2022
4,BNB,BNB,49179890751,307.43,159971396.00,793779029.10,-2.1,-1.27,16.35,27/11/2022
5,USD_Coin,USDC,44238097614,1,44231861753.00,2289589937.00,0,0,-0.01,27/11/2022
6,Binance_USD,BUSD,22408551006,1,22401537190.00,4614831258.00,-0.03,0.02,-0.09,27/11/2022
7,XRP,XRP,19959580741,0.4,50298735565.00,630018233.10,-1.83,0.05,9.64,27/11/2022
8,Dogecoin,DOGE,13096141897,0.1,133000000000.00,1965264746.00,-5.76,10.93,27.91,27/11/2022
9,Cardano,ADA,10759011470,0.31,34433907229.00,167898046.10,-2.1,-0.43,0.05,27/11/2022
10,Polygon,MATIC,7379662277,0.84,8734317475.00,199630187.50,-2.06,-0.21,4.62,27/11/2022
1,Bitcoin,BTC,3.29E+11,17130.49,19224431.00,16824520830.00,0.15,1.31,4.17,04/12/2022
2,Ethereum,ETH,1.57E+11,1280.26,122373866.00,5174128454.00,0.34,2.97,7.12,04/12/2022
3,Tether,USDT,65504085441,1,65496215611.00,21649754992.00,0,0.01,0.05,04/12/2022
4,BNB,BNB,46757282793,292.29,159969745.00,633441009.00,0.29,0.59,-4.93,04/12/2022
5,USD_Coin,USDC,43408651649,1,43407965348.00,1702758189.00,0,0.01,-0.01,04/12/2022
6,Binance_USD,BUSD,22149617933,1,22152178551.00,4329311363.00,-0.02,-0.04,-0.04,04/12/2022
7,XRP,XRP,19638535967,0.39,50260446248.00,450960650.80,0.41,0.67,1.53,04/12/2022
8,Dogecoin,DOGE,13835723612,0.1,133000000000.00,759219556.00,0.42,4.47,5.65,04/12/2022
9,Cardano,ADA,11119224611,0.32,34451542281.00,174449331.60,0.11,0.97,3.3,04/12/2022
10,Polygon,MATIC,8054081647,0.92,8734317475.00,173986591.20,0.33,2.1,9.14,04/12/2022
